<?xml version="1.0" ?>

<container xmlns="http://symfony.com/schema/dic/services"
           xmlns:xsi="http://www.w3.org/2001/XMLSchema-instance"
           xsi:schemaLocation="http://symfony.com/schema/dic/services http://symfony.com/schema/dic/services/services-1.0.xsd">

    <services>
        <defaults autoconfigure="true" autowire="true" />

        <service id="BrickfoxMultichannel\Entity\BrickfoxEntityDefinition">
            <tag name="shopware.entity.definition" entity="brickfox" />
        </service>

        <service id="BrickfoxMultichannel\Service\BrickfoxMultichannelService" public="true">
            <argument type="service" id="brickfox.repository" />
            <argument type="service" id="Doctrine\DBAL\Connection" />
        </service>

        <service id="BrickfoxMultichannel\Entity\ProductToDelete\BrickfoxProductToDeleteEntityDefinition">
            <tag name="shopware.entity.definition" entity="bf_product_to_delete"/>
        </service>

        <service id="BrickfoxMultichannel\Controller\BrickfoxMultichannelController" public="true">
            <argument type="service" id="BrickfoxMultichannel\Service\BrickfoxMultichannelService" />
        </service>

        <service id="BrickfoxMultichannel\Service\ProductToDelete">
            <argument type="service" id="bf_product_to_delete.repository"/>
        </service>

        <service id="BrickfoxMultichannel\Controller\Api\ProductToDeleteController" public="true">
            <argument type="service" id="BrickfoxMultichannel\Service\ProductToDelete"/>
        </service>

        <service id="BrickfoxMultichannel\Subscriber\ProductToDeleteSubscriber">
            <argument type="service" id="bf_product_to_delete.repository"/>
            <tag name="kernel.event_subscriber"/>
        </service>
    </services>
</container>
