{
    "brickfox-multichannel": {
        "general": {
            "title": "brickfox multichannel plugin für Shopware 6"
        },
        "menu": {
            "mainTitle": "Brickfox",
            "mainChildTitle": "Brickfox Multichannel"
        },
        "page": {
            "header": "Marktplatz-Anbindungen für Shopware 6",
            "description": "brickfox Multichannel eCommerce ist die professionelle Marktplatz-Erweiterung für Ihren Shopware 6 Shop. Um brickfox zu nutzen, benötigen Sie eine kostenpflichtige Software-Version.",
            "customersHeader": "Shop mit brickfox verbinden",
            "moreInformationHeader": "Mehr Informationen & Kontakt",
            "moreInformationText": "Mit brickfox steuern Sie den <b/>Verkauf Ihrer Produkte auf Amazon, eBay, Otto & Co.</b> aus einem zentralen System heraus. brickfox steuert dabei alle wichtigen Marktplatz-Prozesse - vom Produktdaten Management über Artikellisting, Preis- und Bestands-Updates, Orderimport bis zur Versandmeldung. Ihre bestehende eCommerce Landschaft (ERP, Warenwirtschaft etc.) lässt sich nahtlos in brickfox integrieren. So handeln Sie auch mit steigender Anzahl an Vertriebskanälen übersichtlich & effizient.",
            "moreInformation": "Für weiter Infos oder eine individuelle Beratung nehmen Sie gern Kontakt zu uns auf.",
            "webinar": "Lernen Sie den Funktionsumfang und das Handling im kostenfreien Webinar kennen.",
            "link": {
                "contact": "Kontakt",
                "webinar": "Webinar"
            }
        },
        "form": {
            "connectPlugin": "Ich bin bereits brickfox-Kunde und möchte meinen Shop mit brickfox verbinden",
            "pluginStatus": "Plugin-Status",
            "apiUrl": "Bitte geben Sie hier brickfox Mandanten-URL ein:",
            "placeholderApiUrl": "Brickfox Mandanten-URL",
            "apiKey": "Bitte geben Sie hier Ihren brickfox API-Key ein:",
            "placeholderApiKey": "Brickfox API-Key",
            "btnSave": "Speichern",
            "error": "Entweder der URL oder API Key sind falsch. Bitte überprüfen Sie das nochmal und versuchen Sie es erneut."
        }
    }
}
