{
    "brickfox-multichannel": {
        "general": {
            "title": "brickfox multichannel plugin for Shopware 6"
        },
        "menu": {
            "mainTitle": "Brickfox",
            "mainChildTitle": "Brickfox Multichannel"
        },
        "page": {
            "header": "Marketplace integration for shopware 6",
            "description": "brickfox Multichannel eCommerce is the professional marketplace extension for your Shopware 6 shop. To use brickfox, you need a paid software version.",
            "customersHeader": "Connect your shop to brickfox",
            "moreInformationHeader": "More information & contact",
            "moreInformationText": "With brickfox you control the sale of your products on Amazon, eBay, CDISCOUNT & Co. from a central system. brickfox controls all important marketplace processes - from product data management to article listing, price and stock updates, order import to shipping notification. Your existing eCommerce landscape (ERP, ERP, etc.) can be seamlessly integrated into brickfox. In this way you can trade clearly and efficiently with an increasing number of sales channels.",
            "moreInformation": "Please do not hesitate to contact us for further information or individual advice.",
            "webinar": "Lernen Sie den Funktionsumfang und das Handling im kostenfreien Webinar kennen.",
            "link": {
                "contact": "Contact",
                "webinar": "Webinar"
            }
        },
        "form": {
            "connectPlugin": "I am already a brickfox customer and would like to connect my shop with brickfox",
            "pluginStatus": "Plugin-Status",
            "apiUrl": "Please enter brickfox client URL here:",
            "placeholderApiUrl": "Brickfox client URL",
            "apiKey": "Please enter your brickfox API key here:",
            "placeholderApiKey": "Brickfox API key",
            "btnSave": "Save",
            "error": "Entweder der URL oder API Key sind falsch. Bitte überprüfen Sie das nochmal und versuchen Sie es erneut."
        }
    }
}
