<?xml version="1.0" ?>

<container xmlns="http://symfony.com/schema/dic/services"
           xmlns:xsi="http://www.w3.org/2001/XMLSchema-instance"
           xsi:schemaLocation="https://symfony.com/schema/dic/services https://symfony.com/schema/dic/services/services-1.0.xsd">

    <services>
        <service id="Brickfox\UnifiedCommerceHub\Content\ProductEvent\ProductEventDefinition">
            <tag name="shopware.entity.definition" entity="brickfox_product_event"/>
        </service>
        <service id="Brickfox\UnifiedCommerceHub\Content\OrderStateEvent\OrderStateEventDefinition">
            <tag name="shopware.entity.definition" entity="brickfox_order_state_event"/>
        </service>
        <service id="Brickfox\UnifiedCommerceHub\Subscriber\ProductSubscriber">
            <argument type="service" id="brickfox_product_event.repository"/>
            <tag name="kernel.event_subscriber"/>
        </service>
        <service id="Brickfox\UnifiedCommerceHub\Subscriber\OrderStateSubscriber">
            <argument type="service" id="brickfox_order_state_event.repository"/>
            <tag name="kernel.event_subscriber"/>
        </service>
    </services>
</container>
